video_id,author,text,like_count,published_at,source_channel,video_title
te4V1vw2pRY,@teukumaulana803,Ada slot microSDğŸ‘ğŸ‘,26,2026-01-22T10:22:34Z,Jagat Review,"Smartphone 3 Jutaan Desain Keren, Body Tipis, dan All Rounder dari Redmi! Review Redmi Note 15 5G"
te4V1vw2pRY,@firziramananda4914,review infinix note edge 5g bangg,15,2026-01-22T09:17:29Z,Jagat Review,"Smartphone 3 Jutaan Desain Keren, Body Tipis, dan All Rounder dari Redmi! Review Redmi Note 15 5G"
te4V1vw2pRY,@rakamuhammadhirawan8904,Renot 15 5G jd yg lmayan sweet spot sih pilihannya..,15,2026-01-22T09:59:51Z,Jagat Review,"Smartphone 3 Jutaan Desain Keren, Body Tipis, dan All Rounder dari Redmi! Review Redmi Note 15 5G"
te4V1vw2pRY,@asrgame7057,2 jam lalu aku cek di Chanel ini tapi belom upload . Tentang hp ini,4,2026-01-22T09:15:29Z,Jagat Review,"Smartphone 3 Jutaan Desain Keren, Body Tipis, dan All Rounder dari Redmi! Review Redmi Note 15 5G"
te4V1vw2pRY,@cyprianoeslimbongsihole5811,Fix pantengin nunggu series note 60 pakai snapd merk sebelahğŸ‰,4,2026-01-23T04:03:00Z,Jagat Review,"Smartphone 3 Jutaan Desain Keren, Body Tipis, dan All Rounder dari Redmi! Review Redmi Note 15 5G"
te4V1vw2pRY,@mugenmugen9937,"Harga nya sama waktu redmi note 10 pro 8/128 rilis 3,8 jeti",3,2026-01-22T09:09:30Z,Jagat Review,"Smartphone 3 Jutaan Desain Keren, Body Tipis, dan All Rounder dari Redmi! Review Redmi Note 15 5G"
te4V1vw2pRY,@faizgoodboys,"Mantep si renot bisa menyesuaikan harga komponen yang naik harga dengan ekspektasi pembelinya ğŸ˜…, walaupun masih agak mahal gitu ya",3,2026-01-24T08:34:54Z,Jagat Review,"Smartphone 3 Jutaan Desain Keren, Body Tipis, dan All Rounder dari Redmi! Review Redmi Note 15 5G"
te4V1vw2pRY,@RudiAnto-web,versi redmi note 15pro bang,2,2026-01-27T14:44:29Z,Jagat Review,"Smartphone 3 Jutaan Desain Keren, Body Tipis, dan All Rounder dari Redmi! Review Redmi Note 15 5G"
te4V1vw2pRY,@doraexplorer8331,"Titan = tiada tanding, bisa aje marketing Indo",3,2026-01-22T12:05:14Z,Jagat Review,"Smartphone 3 Jutaan Desain Keren, Body Tipis, dan All Rounder dari Redmi! Review Redmi Note 15 5G"
te4V1vw2pRY,@andylambok5764,"Wah bisa beli Neh, kerren bgt ğŸ‰ğŸ‰ğŸ‰",3,2026-01-22T17:35:29Z,Jagat Review,"Smartphone 3 Jutaan Desain Keren, Body Tipis, dan All Rounder dari Redmi! Review Redmi Note 15 5G"
te4V1vw2pRY,@kubinetwork,intro baru nih,2,2026-01-22T09:46:44Z,Jagat Review,"Smartphone 3 Jutaan Desain Keren, Body Tipis, dan All Rounder dari Redmi! Review Redmi Note 15 5G"
te4V1vw2pRY,@ndyankasyafani4372,1menitt yang laluuuuuğŸ‰ğŸ‰ğŸ˜Š,3,2026-01-22T09:03:09Z,Jagat Review,"Smartphone 3 Jutaan Desain Keren, Body Tipis, dan All Rounder dari Redmi! Review Redmi Note 15 5G"
te4V1vw2pRY,@fauzinoor11,Sayang bgt Redmi Note 15 ini udah mulai hilang lubang jack audionya,1,2026-01-23T01:25:54Z,Jagat Review,"Smartphone 3 Jutaan Desain Keren, Body Tipis, dan All Rounder dari Redmi! Review Redmi Note 15 5G"
te4V1vw2pRY,@muhammadabdurafiq,Dibanding poco X7 pro 5g lebih bagus mana ya?,0,2026-02-07T23:22:04Z,Jagat Review,"Smartphone 3 Jutaan Desain Keren, Body Tipis, dan All Rounder dari Redmi! Review Redmi Note 15 5G"
te4V1vw2pRY,@andika_7000,"Opening nya nyrnengin, good job tim jagat..",0,2026-01-22T09:49:30Z,Jagat Review,"Smartphone 3 Jutaan Desain Keren, Body Tipis, dan All Rounder dari Redmi! Review Redmi Note 15 5G"
te4V1vw2pRY,@maulanamaruf2791,gercep,3,2026-01-22T09:04:32Z,Jagat Review,"Smartphone 3 Jutaan Desain Keren, Body Tipis, dan All Rounder dari Redmi! Review Redmi Note 15 5G"
te4V1vw2pRY,@arfani28,"Compare Infinix note Edge VS Redmi note 15 5G.
Thank's b4",1,2026-01-25T09:31:36Z,Jagat Review,"Smartphone 3 Jutaan Desain Keren, Body Tipis, dan All Rounder dari Redmi! Review Redmi Note 15 5G"
te4V1vw2pRY,@Kaitou_izaki,"Pengen Beli ini HP Karena Budget nya Masih Bersahabat/Masih Murah di Tahun ini yang lagi Krisis Ram dan Harga Ram yang Makin Mahal. Tapi Gw Nunggu Poco X8 Pro Aja Lah, Karena Katanya Harga Poco X8 Pro 6 Jutaan, Makanya Gw Nunggu Dulu Buat Beli ini HP. Kalo Kalian Ada yang Sama Kayak Gw Atau Beda, Sihlakan Tulis di KomentarğŸ˜ŠğŸ‘ğŸ».",9,2026-01-22T11:38:38Z,Jagat Review,"Smartphone 3 Jutaan Desain Keren, Body Tipis, dan All Rounder dari Redmi! Review Redmi Note 15 5G"
te4V1vw2pRY,@Boss_man99,Bahas Redmi note 15 Pro 5G juga omğŸ™,1,2026-01-24T00:29:36Z,Jagat Review,"Smartphone 3 Jutaan Desain Keren, Body Tipis, dan All Rounder dari Redmi! Review Redmi Note 15 5G"
te4V1vw2pRY,@yasonenrico8630,Selalu Gercep dan detail banget kalo review product baru. Setiap hari pasti jadi kawan makan dan kawan pas balik kerja ğŸ‘,0,2026-01-22T14:09:21Z,Jagat Review,"Smartphone 3 Jutaan Desain Keren, Body Tipis, dan All Rounder dari Redmi! Review Redmi Note 15 5G"
te4V1vw2pRY,@Shreddeng,Nonton video pake Redmi Note 9 Pro ,1,2026-01-23T04:40:59Z,Jagat Review,"Smartphone 3 Jutaan Desain Keren, Body Tipis, dan All Rounder dari Redmi! Review Redmi Note 15 5G"
te4V1vw2pRY,@Lazzue,"Pak, review juga dong Redmi Note 15 Pro 5G ğŸ™",1,2026-01-27T07:30:01Z,Jagat Review,"Smartphone 3 Jutaan Desain Keren, Body Tipis, dan All Rounder dari Redmi! Review Redmi Note 15 5G"
te4V1vw2pRY,@DimasSaputra-xj1uo,"Pak kalo review hp produk Xiaomi yang kena limit fps padahal kebuka diatasnya itu hapus joyose ,cari di pencarian aplikasi di pengaturan ketik joyose terus hapus ,nah ga ada bakalan di limit fps nya",1,2026-01-31T03:57:40Z,Jagat Review,"Smartphone 3 Jutaan Desain Keren, Body Tipis, dan All Rounder dari Redmi! Review Redmi Note 15 5G"
te4V1vw2pRY,@nicholasps28,"MANTAP REDMI, makin upgradenya joss",1,2026-01-25T16:34:04Z,Jagat Review,"Smartphone 3 Jutaan Desain Keren, Body Tipis, dan All Rounder dari Redmi! Review Redmi Note 15 5G"
te4V1vw2pRY,@bagusfaisal-l4q,ini serius nanya bang tolong di jawab. rekomendet mana oppo a6 pro sama redmi not 15 5g ?,0,2026-02-05T21:20:39Z,Jagat Review,"Smartphone 3 Jutaan Desain Keren, Body Tipis, dan All Rounder dari Redmi! Review Redmi Note 15 5G"
te4V1vw2pRY,@ppkrist,"bahas yg 4G dong kak, color gamutnya pengen tau yg varian 4G termurahnya",1,2026-01-22T11:56:06Z,Jagat Review,"Smartphone 3 Jutaan Desain Keren, Body Tipis, dan All Rounder dari Redmi! Review Redmi Note 15 5G"
te4V1vw2pRY,@amogusus69,Kayaknya Arknights Enfield bisa dimasukin ke tes gaming lagi tahun ini nih. ğŸ¤­,0,2026-01-23T04:20:23Z,Jagat Review,"Smartphone 3 Jutaan Desain Keren, Body Tipis, dan All Rounder dari Redmi! Review Redmi Note 15 5G"
te4V1vw2pRY,@Ali_Topan33,Lumayan cakep,2,2026-01-22T09:20:03Z,Jagat Review,"Smartphone 3 Jutaan Desain Keren, Body Tipis, dan All Rounder dari Redmi! Review Redmi Note 15 5G"
te4V1vw2pRY,@Zenitsu-zyra,10:04 beliau lupa ada keluarga king yg harganya sama tapi bisa lancar main wuwa,0,2026-01-24T08:33:26Z,Jagat Review,"Smartphone 3 Jutaan Desain Keren, Body Tipis, dan All Rounder dari Redmi! Review Redmi Note 15 5G"
te4V1vw2pRY,@vegaqurrotaayun2920,Yang kmren viral kamera ngembun itu Xiaomi yang mana ya,0,2026-01-30T17:23:39Z,Jagat Review,"Smartphone 3 Jutaan Desain Keren, Body Tipis, dan All Rounder dari Redmi! Review Redmi Note 15 5G"
te4V1vw2pRY,@orang.toksik,Hape zaman sekarang udah pada bagus-bagus kualitas mic nya,0,2026-01-22T11:54:32Z,Jagat Review,"Smartphone 3 Jutaan Desain Keren, Body Tipis, dan All Rounder dari Redmi! Review Redmi Note 15 5G"
te4V1vw2pRY,@arisnugroho3532,nyimak pertama,2,2026-01-22T09:02:35Z,Jagat Review,"Smartphone 3 Jutaan Desain Keren, Body Tipis, dan All Rounder dari Redmi! Review Redmi Note 15 5G"
te4V1vw2pRY,@anjangpurnomo5394,"nyari yg esim, untung ada note 15 pro 5g 8gb",0,2026-01-22T14:43:36Z,Jagat Review,"Smartphone 3 Jutaan Desain Keren, Body Tipis, dan All Rounder dari Redmi! Review Redmi Note 15 5G"
te4V1vw2pRY,@memetcs5770,Jiterr y kgak nahan dari seri rednote 14 5g kgak ada perubahan di mslah jiternya,0,2026-01-22T11:47:34Z,Jagat Review,"Smartphone 3 Jutaan Desain Keren, Body Tipis, dan All Rounder dari Redmi! Review Redmi Note 15 5G"
te4V1vw2pRY,@bayumaulana872,Sedang menunggu review yang versi pro 5g,0,2026-01-22T14:37:01Z,Jagat Review,"Smartphone 3 Jutaan Desain Keren, Body Tipis, dan All Rounder dari Redmi! Review Redmi Note 15 5G"
te4V1vw2pRY,@reosusanto6435,kenapa sampai skrg AOD nya msh 10 detik...hmmm,0,2026-01-27T02:17:00Z,Jagat Review,"Smartphone 3 Jutaan Desain Keren, Body Tipis, dan All Rounder dari Redmi! Review Redmi Note 15 5G"
te4V1vw2pRY,@suryawijaya9816,Hadir redmi note 5 4 64 2018,0,2026-01-23T17:01:21Z,Jagat Review,"Smartphone 3 Jutaan Desain Keren, Body Tipis, dan All Rounder dari Redmi! Review Redmi Note 15 5G"
te4V1vw2pRY,@Zakihunter99,Bahas red magic 11 pro dong,0,2026-01-30T03:48:23Z,Jagat Review,"Smartphone 3 Jutaan Desain Keren, Body Tipis, dan All Rounder dari Redmi! Review Redmi Note 15 5G"
te4V1vw2pRY,@AmadaMaulana850,Sudah ada live foto belum bang??,0,2026-01-29T12:32:22Z,Jagat Review,"Smartphone 3 Jutaan Desain Keren, Body Tipis, dan All Rounder dari Redmi! Review Redmi Note 15 5G"
te4V1vw2pRY,@miriokun2296,Opsi terbaik selain infinix note edge 5G,1,2026-01-22T09:46:40Z,Jagat Review,"Smartphone 3 Jutaan Desain Keren, Body Tipis, dan All Rounder dari Redmi! Review Redmi Note 15 5G"
te4V1vw2pRY,@singobarong7819,mending mana kak sma redmi note 14 pro,1,2026-01-22T14:28:54Z,Jagat Review,"Smartphone 3 Jutaan Desain Keren, Body Tipis, dan All Rounder dari Redmi! Review Redmi Note 15 5G"
te4V1vw2pRY,@WargaDesa-y6o,"Sayang banget perekaman 4k nya ga di kasih stabil, kalau aku mending ada 1080 60fps, dri pada ada 4k tapi ga stabil..,,",0,2026-01-29T04:53:15Z,Jagat Review,"Smartphone 3 Jutaan Desain Keren, Body Tipis, dan All Rounder dari Redmi! Review Redmi Note 15 5G"
te4V1vw2pRY,@yamanigm9106,Bang jagat tolong review Oppo Reno 15 5G secepatnya ya,0,2026-01-22T11:53:14Z,Jagat Review,"Smartphone 3 Jutaan Desain Keren, Body Tipis, dan All Rounder dari Redmi! Review Redmi Note 15 5G"
te4V1vw2pRY,@davidtomianggara2844,redmi comeback,0,2026-01-23T10:18:40Z,Jagat Review,"Smartphone 3 Jutaan Desain Keren, Body Tipis, dan All Rounder dari Redmi! Review Redmi Note 15 5G"
te4V1vw2pRY,@RifaiFai-un3qm,Ini sama reno oppo 15 lebih mana untuk foto dan video,0,2026-01-26T07:11:18Z,Jagat Review,"Smartphone 3 Jutaan Desain Keren, Body Tipis, dan All Rounder dari Redmi! Review Redmi Note 15 5G"
te4V1vw2pRY,@ArifRahmanHakim-u8s,kapan review RENO 15 Reguler ommmmmmmğŸ˜¢ğŸ˜¢ğŸ˜¢,0,2026-01-27T03:58:05Z,Jagat Review,"Smartphone 3 Jutaan Desain Keren, Body Tipis, dan All Rounder dari Redmi! Review Redmi Note 15 5G"
te4V1vw2pRY,@awaludinfarhan8121,Bang perbedaan nya sama yng pro+ 5g apa si ?,0,2026-01-28T16:32:17Z,Jagat Review,"Smartphone 3 Jutaan Desain Keren, Body Tipis, dan All Rounder dari Redmi! Review Redmi Note 15 5G"
te4V1vw2pRY,@userneko6087,Yg versi pro 5G nya kapan bg,0,2026-01-22T18:39:01Z,Jagat Review,"Smartphone 3 Jutaan Desain Keren, Body Tipis, dan All Rounder dari Redmi! Review Redmi Note 15 5G"
te4V1vw2pRY,@dimas.gilang11,Nice â¤,0,2026-01-22T10:06:06Z,Jagat Review,"Smartphone 3 Jutaan Desain Keren, Body Tipis, dan All Rounder dari Redmi! Review Redmi Note 15 5G"
te4V1vw2pRY,@fiandamar7613,"seri paling nanggung sih yg ini, lebih baik nambah buat ambil seri Pro nya,",0,2026-01-22T11:43:47Z,Jagat Review,"Smartphone 3 Jutaan Desain Keren, Body Tipis, dan All Rounder dari Redmi! Review Redmi Note 15 5G"
te4V1vw2pRY,@BagusSolehudin-b2x,Mending ini atau infinix gt 30 bang,0,2026-02-06T17:39:32Z,Jagat Review,"Smartphone 3 Jutaan Desain Keren, Body Tipis, dan All Rounder dari Redmi! Review Redmi Note 15 5G"
te4V1vw2pRY,@OTWSERIBUBAGAS,sayang bnget manufacturing soc nya by samsung :(,0,2026-01-22T11:36:41Z,Jagat Review,"Smartphone 3 Jutaan Desain Keren, Body Tipis, dan All Rounder dari Redmi! Review Redmi Note 15 5G"
te4V1vw2pRY,@danyprakoso2495,Masih ya..ampe redmi note 15 series masih roasting iphone kalo soal chargerğŸ˜…ğŸ˜…,0,2026-01-22T11:59:09Z,Jagat Review,"Smartphone 3 Jutaan Desain Keren, Body Tipis, dan All Rounder dari Redmi! Review Redmi Note 15 5G"
te4V1vw2pRY,@bangujeeb,"saya pake note14 pro 5G ,sampe sekarang blm ada iklan",0,2026-01-22T10:29:07Z,Jagat Review,"Smartphone 3 Jutaan Desain Keren, Body Tipis, dan All Rounder dari Redmi! Review Redmi Note 15 5G"
te4V1vw2pRY,@Notbot.okay3080,"10:45 entah kenapa gua setiap liatin review hp suka lompat ke bagian ini ğŸ˜‚
Kalau bagus baru lah tonton full",1,2026-01-22T13:47:32Z,Jagat Review,"Smartphone 3 Jutaan Desain Keren, Body Tipis, dan All Rounder dari Redmi! Review Redmi Note 15 5G"
te4V1vw2pRY,@abdulazizalim21,"9:29 coba di hps data baterai dan performa nya om, Ama matikan nonaktifkan frame default apa gtu di opsi pengembang om biar ke unlock 90 fps di ml nya om",0,2026-01-27T00:51:56Z,Jagat Review,"Smartphone 3 Jutaan Desain Keren, Body Tipis, dan All Rounder dari Redmi! Review Redmi Note 15 5G"
te4V1vw2pRY,@yanditriputra1905,Welcome New Normal,0,2026-01-22T22:58:52Z,Jagat Review,"Smartphone 3 Jutaan Desain Keren, Body Tipis, dan All Rounder dari Redmi! Review Redmi Note 15 5G"
te4V1vw2pRY,@momenkangdedi,MASIH SETIA SAMA REDMI NOT 13 PRO 5G â¤ BGUS DESAIN CAMERA NYA,16,2026-01-22T10:27:18Z,Jagat Review,"Smartphone 3 Jutaan Desain Keren, Body Tipis, dan All Rounder dari Redmi! Review Redmi Note 15 5G"
te4V1vw2pRY,@kurniawanekasaputra6838,"Hmmn seri redmi sebaiknya fokusnya bukan di durabiliti sih hrusnya klo mau fokus durabiliti buat aja kagi seri bru kek, dri pda nambah ketahanan lbih baik nambahin kapasitas batre hdeuh apake vidio stabil semua resolusi ke apa ke hdeh mlah durabiliti yang gak semua orng perlu",0,2026-01-22T13:31:48Z,Jagat Review,"Smartphone 3 Jutaan Desain Keren, Body Tipis, dan All Rounder dari Redmi! Review Redmi Note 15 5G"
te4V1vw2pRY,@mohamadindra2304,kalo di komper sama poco x7 pro taon kmaren gmn bang,0,2026-01-22T10:01:42Z,Jagat Review,"Smartphone 3 Jutaan Desain Keren, Body Tipis, dan All Rounder dari Redmi! Review Redmi Note 15 5G"
te4V1vw2pRY,@iqbaltabah5591,Coba dibandingkan dengan Iqoo Z10 R bang,77,2026-01-22T09:02:49Z,Jagat Review,"Smartphone 3 Jutaan Desain Keren, Body Tipis, dan All Rounder dari Redmi! Review Redmi Note 15 5G"
te4V1vw2pRY,@rioardana3991,Ditunggu reviewnya red magic 11 pro sma infinix note edgeğŸ‘,0,2026-01-22T11:50:09Z,Jagat Review,"Smartphone 3 Jutaan Desain Keren, Body Tipis, dan All Rounder dari Redmi! Review Redmi Note 15 5G"
te4V1vw2pRY,@kuroichi395,ngk ada audio Jack apakah masih all rounder ğŸ˜¢,0,2026-01-23T16:30:55Z,Jagat Review,"Smartphone 3 Jutaan Desain Keren, Body Tipis, dan All Rounder dari Redmi! Review Redmi Note 15 5G"
te4V1vw2pRY,@adityarachman1179,"Jir 3 jtan udah layar lengkung taun lalu dl gw beli redmi note 14 pro 5g layar lengkung 4,99 jt ğŸ˜¢",0,2026-02-02T04:47:17Z,Jagat Review,"Smartphone 3 Jutaan Desain Keren, Body Tipis, dan All Rounder dari Redmi! Review Redmi Note 15 5G"
te4V1vw2pRY,@Noenoe_khan_Official,Bang bahas Oppo Reno 15 pro max,0,2026-01-23T02:19:22Z,Jagat Review,"Smartphone 3 Jutaan Desain Keren, Body Tipis, dan All Rounder dari Redmi! Review Redmi Note 15 5G"
te4V1vw2pRY,@Riko6119,Tumben gak bareng bang Chris om ğŸ˜…,0,2026-01-22T14:40:49Z,Jagat Review,"Smartphone 3 Jutaan Desain Keren, Body Tipis, dan All Rounder dari Redmi! Review Redmi Note 15 5G"
te4V1vw2pRY,@TiudanTiudan,Yg redmi note 15 pro y bang ...,0,2026-01-22T15:03:39Z,Jagat Review,"Smartphone 3 Jutaan Desain Keren, Body Tipis, dan All Rounder dari Redmi! Review Redmi Note 15 5G"
te4V1vw2pRY,@SepuhMugiwaraPirates,"Kingfinix siap"" note 60 nih rilis",0,2026-01-23T09:13:22Z,Jagat Review,"Smartphone 3 Jutaan Desain Keren, Body Tipis, dan All Rounder dari Redmi! Review Redmi Note 15 5G"
te4V1vw2pRY,@racingchanel1086,Nunggu versi poco nya,0,2026-01-23T12:52:43Z,Jagat Review,"Smartphone 3 Jutaan Desain Keren, Body Tipis, dan All Rounder dari Redmi! Review Redmi Note 15 5G"
te4V1vw2pRY,@inventer-m2s,"Bagus, balik lgi ke layar rasio 19,5 :9.., soalnya 20:9 keatas kepanjangan gk enak mata",0,2026-01-23T01:09:48Z,Jagat Review,"Smartphone 3 Jutaan Desain Keren, Body Tipis, dan All Rounder dari Redmi! Review Redmi Note 15 5G"
te4V1vw2pRY,@Asy2102,Bahas yg pro nya dong om dedy,0,2026-01-22T14:05:10Z,Jagat Review,"Smartphone 3 Jutaan Desain Keren, Body Tipis, dan All Rounder dari Redmi! Review Redmi Note 15 5G"
te4V1vw2pRY,@danielhary2811,Harganya naik 500rb an di versi ram storage yg sama dibanding redmi note 14 5g tahun lalu. Sampe2 ada lg versi storage 128gb biar harganya tetap menarik.,0,2026-01-22T10:05:24Z,Jagat Review,"Smartphone 3 Jutaan Desain Keren, Body Tipis, dan All Rounder dari Redmi! Review Redmi Note 15 5G"
te4V1vw2pRY,@arykurniawan5637,Seri foco apakah ada iklan juga ???,0,2026-01-25T14:56:07Z,Jagat Review,"Smartphone 3 Jutaan Desain Keren, Body Tipis, dan All Rounder dari Redmi! Review Redmi Note 15 5G"
te4V1vw2pRY,@jauhjauh8131,"Gak lama dari ini keluar poco seri X, apakah desain nya sama...",0,2026-01-26T05:50:21Z,Jagat Review,"Smartphone 3 Jutaan Desain Keren, Body Tipis, dan All Rounder dari Redmi! Review Redmi Note 15 5G"
te4V1vw2pRY,@nengamoy4398,Liat baner ditoko2 dimalaysia harganya mulai dr RM.800 sampe Rm.1700 ada yg ramny 6.8..ğŸ˜…,0,2026-01-22T11:26:39Z,Jagat Review,"Smartphone 3 Jutaan Desain Keren, Body Tipis, dan All Rounder dari Redmi! Review Redmi Note 15 5G"
te4V1vw2pRY,@Febriabit,"Emng pasar mnta layar curve
Hedeeh",0,2026-01-23T10:24:26Z,Jagat Review,"Smartphone 3 Jutaan Desain Keren, Body Tipis, dan All Rounder dari Redmi! Review Redmi Note 15 5G"
te4V1vw2pRY,@stuart9498,"untung layarnya ga gede"" banget",0,2026-01-23T07:12:12Z,Jagat Review,"Smartphone 3 Jutaan Desain Keren, Body Tipis, dan All Rounder dari Redmi! Review Redmi Note 15 5G"
te4V1vw2pRY,@DwiSulantari,Gak jadi perang as samaChina ? Harga hp stabil,1,2026-01-22T09:29:49Z,Jagat Review,"Smartphone 3 Jutaan Desain Keren, Body Tipis, dan All Rounder dari Redmi! Review Redmi Note 15 5G"
te4V1vw2pRY,@doraexplorer8331,"Kok kayanya info yg gw dapet beda ya, apa beda tipe biasa vs pro? Seingetnya ada ip rating + gitu",0,2026-01-22T12:07:51Z,Jagat Review,"Smartphone 3 Jutaan Desain Keren, Body Tipis, dan All Rounder dari Redmi! Review Redmi Note 15 5G"
te4V1vw2pRY,@VirgiawanRiztanto,Bjirr Snapdragon 6:v,0,2026-01-22T23:54:15Z,Jagat Review,"Smartphone 3 Jutaan Desain Keren, Body Tipis, dan All Rounder dari Redmi! Review Redmi Note 15 5G"
te4V1vw2pRY,@ahmadi4236,Mahal2 masih ada iklanğŸ˜…,0,2026-01-22T11:32:13Z,Jagat Review,"Smartphone 3 Jutaan Desain Keren, Body Tipis, dan All Rounder dari Redmi! Review Redmi Note 15 5G"
te4V1vw2pRY,@NEO-Crfaft,Iqoo z9x sama kah chipset nya sama dia?,0,2026-01-22T11:15:53Z,Jagat Review,"Smartphone 3 Jutaan Desain Keren, Body Tipis, dan All Rounder dari Redmi! Review Redmi Note 15 5G"
te4V1vw2pRY,@SuperRiosaga,"Nungguin seri note tp kecewa SM desain kameranya, ambil pova curve 5g aja deh",0,2026-01-22T12:11:35Z,Jagat Review,"Smartphone 3 Jutaan Desain Keren, Body Tipis, dan All Rounder dari Redmi! Review Redmi Note 15 5G"
te4V1vw2pRY,@18.JoseAlvrederickHartono,Perkiraan Poco m8 pro kapan keluar ya ?,0,2026-01-22T10:48:43Z,Jagat Review,"Smartphone 3 Jutaan Desain Keren, Body Tipis, dan All Rounder dari Redmi! Review Redmi Note 15 5G"
te4V1vw2pRY,@edi9967,Curve!!!!,0,2026-01-23T21:22:27Z,Jagat Review,"Smartphone 3 Jutaan Desain Keren, Body Tipis, dan All Rounder dari Redmi! Review Redmi Note 15 5G"
te4V1vw2pRY,@irwanputra3258,"Poco seri X kapan launc bang.....?
Masih pakai poco X3 pro.
ğŸ˜ğŸ˜",0,2026-01-22T14:15:44Z,Jagat Review,"Smartphone 3 Jutaan Desain Keren, Body Tipis, dan All Rounder dari Redmi! Review Redmi Note 15 5G"
te4V1vw2pRY,@enonng,Ini harganya sama kah kayak moto g57??,0,2026-01-23T03:12:35Z,Jagat Review,"Smartphone 3 Jutaan Desain Keren, Body Tipis, dan All Rounder dari Redmi! Review Redmi Note 15 5G"
te4V1vw2pRY,@dutalenta,"7:36 ada iklannya, ada iklannya,.ada iklannya ! ğŸ˜‚",10,2026-01-23T12:49:46Z,Jagat Review,"Smartphone 3 Jutaan Desain Keren, Body Tipis, dan All Rounder dari Redmi! Review Redmi Note 15 5G"
te4V1vw2pRY,@aizulirik8901,Masih setia dengan Xiaomi 14t ğŸ™‚,0,2026-01-22T13:19:59Z,Jagat Review,"Smartphone 3 Jutaan Desain Keren, Body Tipis, dan All Rounder dari Redmi! Review Redmi Note 15 5G"
te4V1vw2pRY,@noefvon,duh sayang layar curved,0,2026-01-22T10:51:59Z,Jagat Review,"Smartphone 3 Jutaan Desain Keren, Body Tipis, dan All Rounder dari Redmi! Review Redmi Note 15 5G"
te4V1vw2pRY,@a-mwalkerbrb,"GaraÂ² RAM naik, slot micro-sd balik lagiğŸ˜‚ğŸ˜‚",1,2026-01-23T02:24:24Z,Jagat Review,"Smartphone 3 Jutaan Desain Keren, Body Tipis, dan All Rounder dari Redmi! Review Redmi Note 15 5G"
te4V1vw2pRY,@kucingngakgarong,"bukan nya layar 6,77 inch?",0,2026-02-06T03:40:51Z,Jagat Review,"Smartphone 3 Jutaan Desain Keren, Body Tipis, dan All Rounder dari Redmi! Review Redmi Note 15 5G"
te4V1vw2pRY,@ZyctrixH,djavu poco x7,2,2026-01-22T09:59:43Z,Jagat Review,"Smartphone 3 Jutaan Desain Keren, Body Tipis, dan All Rounder dari Redmi! Review Redmi Note 15 5G"
te4V1vw2pRY,@yozhiuniverse7,nontonnya ini pke Redmi Note 14 5G ğŸ—¿,0,2026-01-22T12:24:03Z,Jagat Review,"Smartphone 3 Jutaan Desain Keren, Body Tipis, dan All Rounder dari Redmi! Review Redmi Note 15 5G"
te4V1vw2pRY,@muhammadsyafaatsahir7203,"micro sd barusan bed ada wkwkw, efek ram kah?",0,2026-01-22T12:31:25Z,Jagat Review,"Smartphone 3 Jutaan Desain Keren, Body Tipis, dan All Rounder dari Redmi! Review Redmi Note 15 5G"
te4V1vw2pRY,@adebimatara9481,Harga ya naik drastis efek inflasi ram naik,0,2026-01-22T12:25:38Z,Jagat Review,"Smartphone 3 Jutaan Desain Keren, Body Tipis, dan All Rounder dari Redmi! Review Redmi Note 15 5G"
te4V1vw2pRY,@indrasyahputra8175,Kotak kemasannya kembali ke warna dulu kah?,0,2026-01-22T09:47:26Z,Jagat Review,"Smartphone 3 Jutaan Desain Keren, Body Tipis, dan All Rounder dari Redmi! Review Redmi Note 15 5G"
te4V1vw2pRY,@opikroman737,"Lah ko layarnya curved, susah cari tempered glass yg murah ğŸ˜…",0,2026-01-25T03:57:39Z,Jagat Review,"Smartphone 3 Jutaan Desain Keren, Body Tipis, dan All Rounder dari Redmi! Review Redmi Note 15 5G"
te4V1vw2pRY,@edimujono2535,keren,0,2026-01-24T08:05:48Z,Jagat Review,"Smartphone 3 Jutaan Desain Keren, Body Tipis, dan All Rounder dari Redmi! Review Redmi Note 15 5G"
te4V1vw2pRY,@Gaspek-m4s,"harga naek ,keknya efek memory",0,2026-01-25T10:49:22Z,Jagat Review,"Smartphone 3 Jutaan Desain Keren, Body Tipis, dan All Rounder dari Redmi! Review Redmi Note 15 5G"
te4V1vw2pRY,@anjaz_mico,"backdor nya keinget infinix zero ,ğŸ¤ª

lebih keinget lagi redmi a3 ğŸ¤ª desain kurleb sama cuma beda spek",0,2026-01-23T00:29:06Z,Jagat Review,"Smartphone 3 Jutaan Desain Keren, Body Tipis, dan All Rounder dari Redmi! Review Redmi Note 15 5G"
te4V1vw2pRY,@rightleft1995,Koq jadi mahal gini ..kalo beli di toko offline  hampir 4 jutaan ini kyak nya,0,2026-01-23T01:50:29Z,Jagat Review,"Smartphone 3 Jutaan Desain Keren, Body Tipis, dan All Rounder dari Redmi! Review Redmi Note 15 5G"
te4V1vw2pRY,@Gamer_Indonesia17,7:41 iklan apa iklan om dedi ğŸ˜…,0,2026-01-22T11:30:13Z,Jagat Review,"Smartphone 3 Jutaan Desain Keren, Body Tipis, dan All Rounder dari Redmi! Review Redmi Note 15 5G"
te4V1vw2pRY,@Nick_on_YouTube,Lbh ok redmi note 15 pro 12/512 atau poco x7 pro? Makasih,0,2026-01-22T10:37:16Z,Jagat Review,"Smartphone 3 Jutaan Desain Keren, Body Tipis, dan All Rounder dari Redmi! Review Redmi Note 15 5G"
te4V1vw2pRY,@erickfnu,Skip ufs 2.2,0,2026-01-23T05:00:17Z,Jagat Review,"Smartphone 3 Jutaan Desain Keren, Body Tipis, dan All Rounder dari Redmi! Review Redmi Note 15 5G"
te4V1vw2pRY,@abdulkadir5227,Gak setahan Oppo a5pro atau 6pro,0,2026-01-23T01:04:54Z,Jagat Review,"Smartphone 3 Jutaan Desain Keren, Body Tipis, dan All Rounder dari Redmi! Review Redmi Note 15 5G"
te4V1vw2pRY,@duniamainanku1511,Mkin kesini model kamranya jlek2 tata letaknya..,7,2026-01-22T10:48:37Z,Jagat Review,"Smartphone 3 Jutaan Desain Keren, Body Tipis, dan All Rounder dari Redmi! Review Redmi Note 15 5G"
te4V1vw2pRY,@pumanike9550,belum mensrik selera saya bang,0,2026-01-23T07:26:25Z,Jagat Review,"Smartphone 3 Jutaan Desain Keren, Body Tipis, dan All Rounder dari Redmi! Review Redmi Note 15 5G"
te4V1vw2pRY,@rigadget3543,"melihat harga smartphone terbaru di tahun 2026 ini, jadi enggak nyesel beli smartphone di akhir tahun kemarin ğŸ˜‚ğŸ˜‚",0,2026-01-22T10:59:42Z,Jagat Review,"Smartphone 3 Jutaan Desain Keren, Body Tipis, dan All Rounder dari Redmi! Review Redmi Note 15 5G"
te4V1vw2pRY,@dimzm5_,"Efek storage harga naik is real, buset harganya edanğŸ˜…",0,2026-01-22T18:49:37Z,Jagat Review,"Smartphone 3 Jutaan Desain Keren, Body Tipis, dan All Rounder dari Redmi! Review Redmi Note 15 5G"
te4V1vw2pRY,@PapaMasaKini-w1j,Bedanya sama yang pro apa bang?,0,2026-01-25T12:40:48Z,Jagat Review,"Smartphone 3 Jutaan Desain Keren, Body Tipis, dan All Rounder dari Redmi! Review Redmi Note 15 5G"
te4V1vw2pRY,@josh_widi,"Mohon maaf, jangan lupa untuk membahas ini. Apakah ada pro mode untuk video di HP ini? Soalnya gak semua HP ada. Terima kasih.",0,2026-01-22T11:00:38Z,Jagat Review,"Smartphone 3 Jutaan Desain Keren, Body Tipis, dan All Rounder dari Redmi! Review Redmi Note 15 5G"
te4V1vw2pRY,@AnggaPrayudanaNoritrit,Serius tergiurrrr.....ğŸ‰,0,2026-02-08T01:50:26Z,Jagat Review,"Smartphone 3 Jutaan Desain Keren, Body Tipis, dan All Rounder dari Redmi! Review Redmi Note 15 5G"
te4V1vw2pRY,@lynsyh_11,Tes yang pro + juga omğŸ”¥,0,2026-01-22T11:16:08Z,Jagat Review,"Smartphone 3 Jutaan Desain Keren, Body Tipis, dan All Rounder dari Redmi! Review Redmi Note 15 5G"
te4V1vw2pRY,@shakirparke,Iklannya diblur pasti iklan slot ğŸ¤£ğŸ¤£ğŸ¤£,31,2026-01-22T09:16:52Z,Jagat Review,"Smartphone 3 Jutaan Desain Keren, Body Tipis, dan All Rounder dari Redmi! Review Redmi Note 15 5G"
te4V1vw2pRY,@Fimo93,"Redmi tuh sbenernya bagus
Syangnya IKLAN.nya itu loh yg bkin mengganggu",1,2026-01-26T05:35:41Z,Jagat Review,"Smartphone 3 Jutaan Desain Keren, Body Tipis, dan All Rounder dari Redmi! Review Redmi Note 15 5G"
te4V1vw2pRY,@MARVINGAYE662,Bagus,0,2026-01-25T05:55:46Z,Jagat Review,"Smartphone 3 Jutaan Desain Keren, Body Tipis, dan All Rounder dari Redmi! Review Redmi Note 15 5G"
te4V1vw2pRY,@farellivan2532,Aduh desain belakang bukan seleraku ğŸ˜¢,0,2026-01-24T16:05:32Z,Jagat Review,"Smartphone 3 Jutaan Desain Keren, Body Tipis, dan All Rounder dari Redmi! Review Redmi Note 15 5G"
te4V1vw2pRY,@Faiz509,Lah curved,0,2026-01-22T11:03:21Z,Jagat Review,"Smartphone 3 Jutaan Desain Keren, Body Tipis, dan All Rounder dari Redmi! Review Redmi Note 15 5G"
te4V1vw2pRY,@Hambali-234,ğŸ˜Š,0,2026-01-23T15:26:01Z,Jagat Review,"Smartphone 3 Jutaan Desain Keren, Body Tipis, dan All Rounder dari Redmi! Review Redmi Note 15 5G"
te4V1vw2pRY,@hadipoerbo9182,Kenapa harus curved layarnya... Lebih baik sama saja seperti yang pro... ğŸ˜¢,0,2026-01-23T04:04:12Z,Jagat Review,"Smartphone 3 Jutaan Desain Keren, Body Tipis, dan All Rounder dari Redmi! Review Redmi Note 15 5G"
te4V1vw2pRY,@mrowen1199,"apakah ada yg tau versi Pro dan Pro+ nya masuk indo atau engga? dan paling beda signifikan di mana?

atau bakal direview juga sama tim JR? wkwk

terima kasih",0,2026-01-22T10:34:50Z,Jagat Review,"Smartphone 3 Jutaan Desain Keren, Body Tipis, dan All Rounder dari Redmi! Review Redmi Note 15 5G"
te4V1vw2pRY,@elysss6913,Iqoo z10r tertawa,0,2026-01-22T18:49:07Z,Jagat Review,"Smartphone 3 Jutaan Desain Keren, Body Tipis, dan All Rounder dari Redmi! Review Redmi Note 15 5G"
te4V1vw2pRY,@85satriawan,Ke 6 ğŸ˜…,0,2026-01-22T09:03:50Z,Jagat Review,"Smartphone 3 Jutaan Desain Keren, Body Tipis, dan All Rounder dari Redmi! Review Redmi Note 15 5G"
te4V1vw2pRY,@faridz.azhar01,"Masih pake Redmi Note 12 Pro 5G nih keluaran 2023
Tapi beli nya 2024 ğŸ˜‚",0,2026-01-22T13:42:52Z,Jagat Review,"Smartphone 3 Jutaan Desain Keren, Body Tipis, dan All Rounder dari Redmi! Review Redmi Note 15 5G"
te4V1vw2pRY,@kitachankuro25,"Bang Dedy, Redmi Note 14 dah habis dijual, gimana?? ğŸ˜­",0,2026-01-22T09:34:11Z,Jagat Review,"Smartphone 3 Jutaan Desain Keren, Body Tipis, dan All Rounder dari Redmi! Review Redmi Note 15 5G"
te4V1vw2pRY,@YyPhone-i7p,"Boleh juga nie hp,, tapi gue mau nunggu hp merek Oppo atau vivo dikelas harga begini, yg masih nyediain slot micro SD, dan punya varian internal 512gb ğŸ‘ğŸ¼... Mungkin Oppo seri A tahun ini, dengan mempertahankan kapasitas batrei minimal 7000mah, dan masih nyediain slot micro SD!!.. sukses terus buat semua brand hp android yg masuk ke Indonesia.ğŸ”¥.",0,2026-01-24T04:52:04Z,Jagat Review,"Smartphone 3 Jutaan Desain Keren, Body Tipis, dan All Rounder dari Redmi! Review Redmi Note 15 5G"
te4V1vw2pRY,@aetherkiryu,"Kameranya biasa amat, harganya cuih buat yg 256",0,2026-01-27T08:16:25Z,Jagat Review,"Smartphone 3 Jutaan Desain Keren, Body Tipis, dan All Rounder dari Redmi! Review Redmi Note 15 5G"
te4V1vw2pRY,@anwaraa7570,banting disengaja? sebelah keknya gitu wkwk,0,2026-01-22T11:11:08Z,Jagat Review,"Smartphone 3 Jutaan Desain Keren, Body Tipis, dan All Rounder dari Redmi! Review Redmi Note 15 5G"
te4V1vw2pRY,@handhapratama2355,Ke 2ğŸ‰ 0:10,0,2026-01-22T09:03:09Z,Jagat Review,"Smartphone 3 Jutaan Desain Keren, Body Tipis, dan All Rounder dari Redmi! Review Redmi Note 15 5G"
te4V1vw2pRY,@kingjambrur,buset harganya ğŸ«¢,0,2026-01-22T12:12:05Z,Jagat Review,"Smartphone 3 Jutaan Desain Keren, Body Tipis, dan All Rounder dari Redmi! Review Redmi Note 15 5G"
te4V1vw2pRY,@TirtaMulia-i4b,REDMI Note 15 aneh Tahun Lalu Desain Redmi Note 14 Nggak Pake layar curved Tahun Ini Redmi Note 15 malah pke layar curve Sementara redmi note 14 pro yg layarnya curved berubah jdi flat di redmi note 15 pro gimana sih redmi Klo Pke Layar Curve yah curve semua dari Redmi Note 15 sampai redmi note 15+ curve semua itu baru redmi,1,2026-01-24T11:10:15Z,Jagat Review,"Smartphone 3 Jutaan Desain Keren, Body Tipis, dan All Rounder dari Redmi! Review Redmi Note 15 5G"
te4V1vw2pRY,@HafidzHanan-y5j,Bg perekaman 1080 60fps itu apa gak bisa? Kok gak di spil,0,2026-02-07T13:43:58Z,Jagat Review,"Smartphone 3 Jutaan Desain Keren, Body Tipis, dan All Rounder dari Redmi! Review Redmi Note 15 5G"
te4V1vw2pRY,@idbbaz,Tanggung mending pro 5g,0,2026-01-22T14:34:49Z,Jagat Review,"Smartphone 3 Jutaan Desain Keren, Body Tipis, dan All Rounder dari Redmi! Review Redmi Note 15 5G"
te4V1vw2pRY,@AXL.ffmax1,Lubang headset ğŸ˜¢,0,2026-01-22T15:09:01Z,Jagat Review,"Smartphone 3 Jutaan Desain Keren, Body Tipis, dan All Rounder dari Redmi! Review Redmi Note 15 5G"
te4V1vw2pRY,@dadantab,â¤,0,2026-02-02T22:58:46Z,Jagat Review,"Smartphone 3 Jutaan Desain Keren, Body Tipis, dan All Rounder dari Redmi! Review Redmi Note 15 5G"
te4V1vw2pRY,@MuhammadSyaugiPratama-li6tc,Bismillah Lebaran 2026 Note 15 4g/5gğŸ¤²ğŸ½,5,2026-01-22T15:42:05Z,Jagat Review,"Smartphone 3 Jutaan Desain Keren, Body Tipis, dan All Rounder dari Redmi! Review Redmi Note 15 5G"
te4V1vw2pRY,@warior1195,"Jagat review capek capek jelasin di tiap video bahwa proteksi yg ada di smartphone adalah fitur untuk pencegahan ketika terjadi hal hal yg tidak disengaja, eh... Entitas sdm rendah di fb = kalo punya proteksi ya gasskeun diceburin ke air lah",1,2026-01-23T00:38:53Z,Jagat Review,"Smartphone 3 Jutaan Desain Keren, Body Tipis, dan All Rounder dari Redmi! Review Redmi Note 15 5G"
te4V1vw2pRY,@HpBaru-p9y,UFS 2.2ğŸ‰ğŸ‰ğŸ‰ğŸ‰ğŸ‰ğŸ‰ğŸ‰ğŸ‰ğŸ˜‚,0,2026-01-22T17:03:50Z,Jagat Review,"Smartphone 3 Jutaan Desain Keren, Body Tipis, dan All Rounder dari Redmi! Review Redmi Note 15 5G"
te4V1vw2pRY,@QiwzPro,Versi 4G untung gak ikut nyepam naga 685 ğŸ—¿ğŸ—¿,0,2026-01-22T10:07:27Z,Jagat Review,"Smartphone 3 Jutaan Desain Keren, Body Tipis, dan All Rounder dari Redmi! Review Redmi Note 15 5G"
te4V1vw2pRY,@definityID,keduax,0,2026-01-22T09:02:49Z,Jagat Review,"Smartphone 3 Jutaan Desain Keren, Body Tipis, dan All Rounder dari Redmi! Review Redmi Note 15 5G"
te4V1vw2pRY,@info2846,"Lagi lagi layar lengkung
Dahlah...",0,2026-01-23T22:35:02Z,Jagat Review,"Smartphone 3 Jutaan Desain Keren, Body Tipis, dan All Rounder dari Redmi! Review Redmi Note 15 5G"
te4V1vw2pRY,@catwin6045,"Always On 10sec Display ğŸ¤·ğŸ»â€â™‚ï¸ğŸ’¬ğŸ’¬
Layar melengkung nyaman ğŸ™ğŸ»â€â™‚ï¸ğŸ’¬ğŸ’¬ yg sekarang sudah tdk saya sukai.
Tapi tetap manntaapp....! ğŸ‘ğŸ»ğŸ‘ğŸ»â¤ï¸â€ğŸ”¥â¤ï¸â€ğŸ”¥â¤ï¸â€ğŸ”¥â¤ï¸â€ğŸ”¥â¤ï¸â€ğŸ”¥",0,2026-01-22T10:12:19Z,Jagat Review,"Smartphone 3 Jutaan Desain Keren, Body Tipis, dan All Rounder dari Redmi! Review Redmi Note 15 5G"
te4V1vw2pRY,@beostar201,"Mending infinix dari pada ini ..
Lmyan beda 500 rb yg seri 4g ..",0,2026-01-22T14:22:38Z,Jagat Review,"Smartphone 3 Jutaan Desain Keren, Body Tipis, dan All Rounder dari Redmi! Review Redmi Note 15 5G"
te4V1vw2pRY,@jibakri5221,Keren aku udah beliâ¤,0,2026-02-05T02:37:28Z,Jagat Review,"Smartphone 3 Jutaan Desain Keren, Body Tipis, dan All Rounder dari Redmi! Review Redmi Note 15 5G"
te4V1vw2pRY,@aripurnomo5209,Rekomen ndak bang buat dibeli,0,2026-01-22T14:24:12Z,Jagat Review,"Smartphone 3 Jutaan Desain Keren, Body Tipis, dan All Rounder dari Redmi! Review Redmi Note 15 5G"
te4V1vw2pRY,@mr.siraizen,"Ada chargernya, ada chargernya, ada charger nya ğŸ˜Œ",0,2026-01-29T18:15:49Z,Jagat Review,"Smartphone 3 Jutaan Desain Keren, Body Tipis, dan All Rounder dari Redmi! Review Redmi Note 15 5G"
te4V1vw2pRY,@gerryriandi,"3:07 dengerin nih ğŸ˜… jangan protes ""kan udah IP sekian.. IP sekian.. aman aman aja dong, masa udah rusak garansi gak bisa.""",0,2026-01-22T10:57:49Z,Jagat Review,"Smartphone 3 Jutaan Desain Keren, Body Tipis, dan All Rounder dari Redmi! Review Redmi Note 15 5G"
te4V1vw2pRY,@Nicoden-j15,Nyaris sempurna di harganyaâ¤,0,2026-02-07T11:46:10Z,Jagat Review,"Smartphone 3 Jutaan Desain Keren, Body Tipis, dan All Rounder dari Redmi! Review Redmi Note 15 5G"
te4V1vw2pRY,@npcnpc4865,"Udah 2026 uw tetep stuck di 8mp ğŸ˜‚
Mau bilang gimmick ntar banyak yg ngamok
Minimal 13 mp kek kaya x3 npc",0,2026-01-24T01:18:28Z,Jagat Review,"Smartphone 3 Jutaan Desain Keren, Body Tipis, dan All Rounder dari Redmi! Review Redmi Note 15 5G"
te4V1vw2pRY,@ridwan_tricks,"Lebih worth it ini daripada yang 4G menurutku , kamera cuma satu disusun layaknya kompor dan varian 8/256 juga udah tembus 3jtanğŸ˜…",22,2026-01-22T09:51:52Z,Jagat Review,"Smartphone 3 Jutaan Desain Keren, Body Tipis, dan All Rounder dari Redmi! Review Redmi Note 15 5G"
te4V1vw2pRY,@radenalite,Ada iklannya.. ada iklannya..ada iklannya,7,2026-01-22T09:52:30Z,Jagat Review,"Smartphone 3 Jutaan Desain Keren, Body Tipis, dan All Rounder dari Redmi! Review Redmi Note 15 5G"
te4V1vw2pRY,@dannylaluyan,"Bisa aja gimmick marketing Xiaomi untuk Redmi Note 15 series.. emang ada yg bisa lihat kalo internal-nya ""diperkuat"" kaya titan? ğŸ˜‚ğŸ˜‚",1,2026-01-22T10:34:47Z,Jagat Review,"Smartphone 3 Jutaan Desain Keren, Body Tipis, dan All Rounder dari Redmi! Review Redmi Note 15 5G"
te4V1vw2pRY,@reeze5877,"""3 jutaan"" gw pencet link langsung 5 juta",0,2026-01-22T09:47:32Z,Jagat Review,"Smartphone 3 Jutaan Desain Keren, Body Tipis, dan All Rounder dari Redmi! Review Redmi Note 15 5G"
te4V1vw2pRY,@TirtaMulia-i4b,Always On Display Ganti jadi Ten Second On Display Itu Lebih Baik Dari Pada Always On Display Nyala Hanya 10 Detik,0,2026-01-24T11:16:30Z,Jagat Review,"Smartphone 3 Jutaan Desain Keren, Body Tipis, dan All Rounder dari Redmi! Review Redmi Note 15 5G"
te4V1vw2pRY,@bimoagungk2977,redmi note paling waras dibanding seri pro-nya hahaha,0,2026-01-22T10:44:34Z,Jagat Review,"Smartphone 3 Jutaan Desain Keren, Body Tipis, dan All Rounder dari Redmi! Review Redmi Note 15 5G"
te4V1vw2pRY,@sawahsenandungujung,Hp paling bermasalah itu hp yg layarnya Curved ...,0,2026-01-27T13:14:35Z,Jagat Review,"Smartphone 3 Jutaan Desain Keren, Body Tipis, dan All Rounder dari Redmi! Review Redmi Note 15 5G"
te4V1vw2pRY,@YAN-FJKT48,3 jta g100ğŸ˜‚,0,2026-01-22T16:08:24Z,Jagat Review,"Smartphone 3 Jutaan Desain Keren, Body Tipis, dan All Rounder dari Redmi! Review Redmi Note 15 5G"
te4V1vw2pRY,@NonaDita-k3y,kayaknya pro 5G aja yang mesti aku co pas thran 2026 ini,2,2026-01-22T09:14:48Z,Jagat Review,"Smartphone 3 Jutaan Desain Keren, Body Tipis, dan All Rounder dari Redmi! Review Redmi Note 15 5G"
te4V1vw2pRY,@Saksi-Bisu-Proyek,"Ada iklan gak ???? ada iklan, gua skip  Mending nungguin Infinix Note 60 Pro, atau GT 40 Pro, mengingat ini masih Januari ",0,2026-01-24T04:27:44Z,Jagat Review,"Smartphone 3 Jutaan Desain Keren, Body Tipis, dan All Rounder dari Redmi! Review Redmi Note 15 5G"
te4V1vw2pRY,@johar445,sdh desain kamera blkngnya jelek ditambah layar lengkung fix gk masuk hp inceran saya ğŸ¤­,0,2026-01-24T08:35:09Z,Jagat Review,"Smartphone 3 Jutaan Desain Keren, Body Tipis, dan All Rounder dari Redmi! Review Redmi Note 15 5G"
te4V1vw2pRY,@SigmaVhone,"Auto Bli, Karna Ada Slot MicroSD !!!",4,2026-01-24T13:56:02Z,Jagat Review,"Smartphone 3 Jutaan Desain Keren, Body Tipis, dan All Rounder dari Redmi! Review Redmi Note 15 5G"
te4V1vw2pRY,@omnick69,"Rekam video saya bandingkan dengan yang versi 4G kok lebih bagus yang 4G ya, lebih stabil.",0,2026-01-29T20:32:25Z,Jagat Review,"Smartphone 3 Jutaan Desain Keren, Body Tipis, dan All Rounder dari Redmi! Review Redmi Note 15 5G"
te4V1vw2pRY,@kasamago,Gahar..,0,2026-01-22T09:11:11Z,Jagat Review,"Smartphone 3 Jutaan Desain Keren, Body Tipis, dan All Rounder dari Redmi! Review Redmi Note 15 5G"
te4V1vw2pRY,@ontowiryo4952,"Mnding infnx note edge, udh turn d bwah 3 jta",6,2026-01-22T09:04:17Z,Jagat Review,"Smartphone 3 Jutaan Desain Keren, Body Tipis, dan All Rounder dari Redmi! Review Redmi Note 15 5G"
te4V1vw2pRY,@singkongkejuhaha,mahaaal ya k k,0,2026-01-22T23:38:05Z,Jagat Review,"Smartphone 3 Jutaan Desain Keren, Body Tipis, dan All Rounder dari Redmi! Review Redmi Note 15 5G"
te4V1vw2pRY,@romyalfallah,mending motorola .,0,2026-02-01T17:44:23Z,Jagat Review,"Smartphone 3 Jutaan Desain Keren, Body Tipis, dan All Rounder dari Redmi! Review Redmi Note 15 5G"
te4V1vw2pRY,@wawanazmir,tetap motorola ğŸ˜…,0,2026-01-22T11:45:18Z,Jagat Review,"Smartphone 3 Jutaan Desain Keren, Body Tipis, dan All Rounder dari Redmi! Review Redmi Note 15 5G"
te4V1vw2pRY,@BangTukom,"Kamera nya gak keren..
Desain ReNot terburuk  menurut keyakinan saya.ğŸ˜Š",0,2026-01-22T13:17:37Z,Jagat Review,"Smartphone 3 Jutaan Desain Keren, Body Tipis, dan All Rounder dari Redmi! Review Redmi Note 15 5G"
te4V1vw2pRY,@Iyoore82,redmi menyerah dengan 12/512 murah,0,2026-01-23T05:01:24Z,Jagat Review,"Smartphone 3 Jutaan Desain Keren, Body Tipis, dan All Rounder dari Redmi! Review Redmi Note 15 5G"
te4V1vw2pRY,@Ridwan-in6wz,Ga ekspek semahal itu,0,2026-01-22T11:44:36Z,Jagat Review,"Smartphone 3 Jutaan Desain Keren, Body Tipis, dan All Rounder dari Redmi! Review Redmi Note 15 5G"
te4V1vw2pRY,@story_life,"Masih setia dengan Redmi note 10 5G 8/128 dimensity 700, moga bisa upgrade,..",6,2026-01-22T09:43:26Z,Jagat Review,"Smartphone 3 Jutaan Desain Keren, Body Tipis, dan All Rounder dari Redmi! Review Redmi Note 15 5G"
te4V1vw2pRY,@musthofaa,2:13 Sayang sekali saya nggak suka penempatan modul kameranya,2,2026-01-23T06:06:54Z,Jagat Review,"Smartphone 3 Jutaan Desain Keren, Body Tipis, dan All Rounder dari Redmi! Review Redmi Note 15 5G"
te4V1vw2pRY,@BudiSantoso-cl9dd,Mskipun g kuat beli hp ini tp gw udh g trtarik merk lain xcept samsung,4,2026-01-22T09:26:06Z,Jagat Review,"Smartphone 3 Jutaan Desain Keren, Body Tipis, dan All Rounder dari Redmi! Review Redmi Note 15 5G"
te4V1vw2pRY,@narayana_abdillah,Desainnya di selera saya ga cocok ğŸ˜…,6,2026-01-22T09:04:44Z,Jagat Review,"Smartphone 3 Jutaan Desain Keren, Body Tipis, dan All Rounder dari Redmi! Review Redmi Note 15 5G"
te4V1vw2pRY,@Asraf109Asraf10,Review yg pro 5g juga soalnya mau ambil yg pro 5g,2,2026-01-23T10:38:22Z,Jagat Review,"Smartphone 3 Jutaan Desain Keren, Body Tipis, dan All Rounder dari Redmi! Review Redmi Note 15 5G"
te4V1vw2pRY,@MoezCr1TiKaL,"hp nya dari segi spek dan desain layar mirip  dgn hp  baru infinix note edge 5g. tapi infinix  harganya lebih murah,  varian 8/256 dijual sekitar 3.2jt.",1,2026-01-22T09:42:49Z,Jagat Review,"Smartphone 3 Jutaan Desain Keren, Body Tipis, dan All Rounder dari Redmi! Review Redmi Note 15 5G"
te4V1vw2pRY,@PenikmatTIKTOK,Udah di tes jatuh sama david gatget,1,2026-01-22T14:50:34Z,Jagat Review,"Smartphone 3 Jutaan Desain Keren, Body Tipis, dan All Rounder dari Redmi! Review Redmi Note 15 5G"
te4V1vw2pRY,@djgokillX86,kamera ancur,0,2026-01-23T15:39:59Z,Jagat Review,"Smartphone 3 Jutaan Desain Keren, Body Tipis, dan All Rounder dari Redmi! Review Redmi Note 15 5G"
te4V1vw2pRY,@ireneoppa9400,"Design kameranya jelek bngt sumpahğŸ˜‚ğŸ˜‚ğŸ˜‚, kenapa gada yang simple dan minimalis kek series note 10 sih atau note 8 kamera seadanya gedenya bukan maen, kalo gede kek sensor Huawei Samsung or iPhone okelah",0,2026-01-22T17:18:57Z,Jagat Review,"Smartphone 3 Jutaan Desain Keren, Body Tipis, dan All Rounder dari Redmi! Review Redmi Note 15 5G"
te4V1vw2pRY,@josinbahaswan8041,Baru aja launch,9,2026-01-22T09:06:17Z,Jagat Review,"Smartphone 3 Jutaan Desain Keren, Body Tipis, dan All Rounder dari Redmi! Review Redmi Note 15 5G"
te4V1vw2pRY,@AhmadFauzi-pd2tb,Semua Desain redmi enggak bgt,0,2026-01-23T01:28:40Z,Jagat Review,"Smartphone 3 Jutaan Desain Keren, Body Tipis, dan All Rounder dari Redmi! Review Redmi Note 15 5G"
te4V1vw2pRY,@bagustsw8012,"Parah performa nya buat genshin set lowest cuma dapet 35 fps doank, padahal di rentang 3 jutaan banyak yg performa nya lebih ngebut kek iqoo z10r, moto g67 power, infinix gt 30 biasa",8,2026-01-22T11:27:19Z,Jagat Review,"Smartphone 3 Jutaan Desain Keren, Body Tipis, dan All Rounder dari Redmi! Review Redmi Note 15 5G"
te4V1vw2pRY,@rownbee_6,"komennya iklan iklan apa si, pada awam banget ya?
iklan bisa di matiin, yang komen pada ribut",3,2026-01-22T10:06:43Z,Jagat Review,"Smartphone 3 Jutaan Desain Keren, Body Tipis, dan All Rounder dari Redmi! Review Redmi Note 15 5G"
te4V1vw2pRY,@Andriasetiyawan,Ultra wide ampas,0,2026-01-22T09:39:47Z,Jagat Review,"Smartphone 3 Jutaan Desain Keren, Body Tipis, dan All Rounder dari Redmi! Review Redmi Note 15 5G"
te4V1vw2pRY,@danukurniawan2791,Poco f7 atau oppo reno 13 5g buat daily?,3,2026-01-22T09:24:42Z,Jagat Review,"Smartphone 3 Jutaan Desain Keren, Body Tipis, dan All Rounder dari Redmi! Review Redmi Note 15 5G"
te4V1vw2pRY,@rey_pracoustycmusic,"Titan Tiada tanding, mirip taglinenya Suzuki SmashğŸ™‚
Ya walau iklan, tapi bisa dimatikan dengan mudah, sejak jaman MIUIğŸ™",0,2026-01-22T10:28:41Z,Jagat Review,"Smartphone 3 Jutaan Desain Keren, Body Tipis, dan All Rounder dari Redmi! Review Redmi Note 15 5G"
te4V1vw2pRY,@wahyuzikri,"efek sparepart mahal, varian 6/128 balik lgi ",3,2026-01-22T09:15:04Z,Jagat Review,"Smartphone 3 Jutaan Desain Keren, Body Tipis, dan All Rounder dari Redmi! Review Redmi Note 15 5G"
te4V1vw2pRY,@irfanafrandi1290,Jelek,1,2026-01-22T21:37:15Z,Jagat Review,"Smartphone 3 Jutaan Desain Keren, Body Tipis, dan All Rounder dari Redmi! Review Redmi Note 15 5G"
te4V1vw2pRY,@HadisAy-y2q,"Masih ada yg pke Redmi ğŸ˜‚ğŸ˜‚ğŸ˜‚, dikala banyak Pilihan yg lebih Mending utk kaum Mendang-Mending! Hape IKLAN ğŸ˜‚ğŸ˜‚ğŸ˜‚",0,2026-01-22T13:31:52Z,Jagat Review,"Smartphone 3 Jutaan Desain Keren, Body Tipis, dan All Rounder dari Redmi! Review Redmi Note 15 5G"
te4V1vw2pRY,@Ady_S.,SoCnya sama kyak yg dipake Samsung A36 tapi A36 lebih mahal. Memang bagusan Samsung daripada redmi sih tapi bedanya jangan sampe sejutaan juga dong,2,2026-01-22T11:11:46Z,Jagat Review,"Smartphone 3 Jutaan Desain Keren, Body Tipis, dan All Rounder dari Redmi! Review Redmi Note 15 5G"
te4V1vw2pRY,@ght5402,masih dikasih slot micro sd,0,2026-01-23T11:35:09Z,Jagat Review,"Smartphone 3 Jutaan Desain Keren, Body Tipis, dan All Rounder dari Redmi! Review Redmi Note 15 5G"
te4V1vw2pRY,@andriansyahiskandar8629,Sama tecno camon 40 mending mana?,1,2026-01-23T06:05:06Z,Jagat Review,"Smartphone 3 Jutaan Desain Keren, Body Tipis, dan All Rounder dari Redmi! Review Redmi Note 15 5G"
te4V1vw2pRY,@adriafarrel,7:29 Terima kasih untuk regulasi EU yang telah memaksa smartphone minimal 5 tahun security patch ,0,2026-01-22T15:39:32Z,Jagat Review,"Smartphone 3 Jutaan Desain Keren, Body Tipis, dan All Rounder dari Redmi! Review Redmi Note 15 5G"
te4V1vw2pRY,@NgantokPolcok,"11:49 tolong abang nya suruh pose atau apa gitu bg, takut gw di pelototin kek gituğŸ˜…",1,2026-01-22T11:20:21Z,Jagat Review,"Smartphone 3 Jutaan Desain Keren, Body Tipis, dan All Rounder dari Redmi! Review Redmi Note 15 5G"
te4V1vw2pRY,@DanuSky-k2z3o,Vidio 1080P 60Fps nya mna bang!??,0,2026-01-22T13:02:10Z,Jagat Review,"Smartphone 3 Jutaan Desain Keren, Body Tipis, dan All Rounder dari Redmi! Review Redmi Note 15 5G"
te4V1vw2pRY,@gt_team952,"kalo ga masalah dgn layar, mending motorola g45  ğŸ˜",1,2026-01-22T11:52:41Z,Jagat Review,"Smartphone 3 Jutaan Desain Keren, Body Tipis, dan All Rounder dari Redmi! Review Redmi Note 15 5G"
te4V1vw2pRY,@asyangcin3658,Samsung tiada lawan. â¤A56,2,2026-01-22T09:05:24Z,Jagat Review,"Smartphone 3 Jutaan Desain Keren, Body Tipis, dan All Rounder dari Redmi! Review Redmi Note 15 5G"
te4V1vw2pRY,@AndroidO1-f9w,ama Xiaomi not 14 pro 5g kamera bagus mana bangg,0,2026-01-24T16:26:01Z,Jagat Review,"Smartphone 3 Jutaan Desain Keren, Body Tipis, dan All Rounder dari Redmi! Review Redmi Note 15 5G"
te4V1vw2pRY,@Zakihunter99,Bahas red magic 11 pro dong,0,2026-01-30T03:50:29Z,Jagat Review,"Smartphone 3 Jutaan Desain Keren, Body Tipis, dan All Rounder dari Redmi! Review Redmi Note 15 5G"
te4V1vw2pRY,@abilzz-d2z,"Di tiktok sekarang yg 5g 2,3-2,4 yg 6/128",0,2026-01-22T12:48:59Z,Jagat Review,"Smartphone 3 Jutaan Desain Keren, Body Tipis, dan All Rounder dari Redmi! Review Redmi Note 15 5G"
te4V1vw2pRY,@rizkywidada7682,Baterai minimal 7.000 mah klo sekarang,3,2026-01-22T17:02:32Z,Jagat Review,"Smartphone 3 Jutaan Desain Keren, Body Tipis, dan All Rounder dari Redmi! Review Redmi Note 15 5G"
te4V1vw2pRY,@DhenyDhen,Desain kamerannyağŸ—¿,0,2026-01-22T14:11:56Z,Jagat Review,"Smartphone 3 Jutaan Desain Keren, Body Tipis, dan All Rounder dari Redmi! Review Redmi Note 15 5G"
te4V1vw2pRY,@Naufal-too,"Hp 3 jutaan cc nya abu abu, ada iklan, hyper bug, chipset standar, desain kamera kek kompor 4 tungku ğŸ˜‚, skip hp jelek ğŸ˜‚",9,2026-01-22T14:12:53Z,Jagat Review,"Smartphone 3 Jutaan Desain Keren, Body Tipis, dan All Rounder dari Redmi! Review Redmi Note 15 5G"
te4V1vw2pRY,@wbsadryan,ada infra red untuk remote control ndak kak?,0,2026-01-22T12:26:37Z,Jagat Review,"Smartphone 3 Jutaan Desain Keren, Body Tipis, dan All Rounder dari Redmi! Review Redmi Note 15 5G"
te4V1vw2pRY,@zonatutorialbersama,Kalau dari redmi note 10 5g ke redmi 15 biasa itu upgrade atau downgrade ya(abaikan 5g nya)? Pengen beli tapi masih mikir?,0,2026-01-22T14:19:47Z,Jagat Review,"Smartphone 3 Jutaan Desain Keren, Body Tipis, dan All Rounder dari Redmi! Review Redmi Note 15 5G"
te4V1vw2pRY,@andriawanjourney,"Mau tanya, mending ini Redmi Note 15 Pro 5G, atau nunggu Poco X8 Pro ya? Keperluan untuk video dan live streaming.",0,2026-01-22T16:26:04Z,Jagat Review,"Smartphone 3 Jutaan Desain Keren, Body Tipis, dan All Rounder dari Redmi! Review Redmi Note 15 5G"
te4V1vw2pRY,@Agussantosogame,Mending redmi note 15 pro atau redmi note 14 pro plus,0,2026-01-22T16:07:26Z,Jagat Review,"Smartphone 3 Jutaan Desain Keren, Body Tipis, dan All Rounder dari Redmi! Review Redmi Note 15 5G"
te4V1vw2pRY,@FrimussS-g8p,"Sesuai prediksi, harga naik.",1,2026-01-22T09:20:18Z,Jagat Review,"Smartphone 3 Jutaan Desain Keren, Body Tipis, dan All Rounder dari Redmi! Review Redmi Note 15 5G"
te4V1vw2pRY,@iamreal8995,Lowest ğŸ˜­,0,2026-01-22T15:11:22Z,Jagat Review,"Smartphone 3 Jutaan Desain Keren, Body Tipis, dan All Rounder dari Redmi! Review Redmi Note 15 5G"
te4V1vw2pRY,@GuluGal4,"Knpa siamay msh nyaman di 6.67""
Gak pngen gtu naik ke 6,7sekian gtu.. ğŸ¤­",0,2026-02-03T14:14:02Z,Jagat Review,"Smartphone 3 Jutaan Desain Keren, Body Tipis, dan All Rounder dari Redmi! Review Redmi Note 15 5G"
te4V1vw2pRY,@alexoliveira-pq,Ini sama redmi note 14 pro bagusan mana ya plis?,1,2026-01-22T15:21:17Z,Jagat Review,"Smartphone 3 Jutaan Desain Keren, Body Tipis, dan All Rounder dari Redmi! Review Redmi Note 15 5G"
te4V1vw2pRY,@febriansutrisna745,"Susah si infinix note edge masuk ke segment ini kalau ada ini hp, harga mepet tapi punya ultra wide kamera",0,2026-01-27T13:58:30Z,Jagat Review,"Smartphone 3 Jutaan Desain Keren, Body Tipis, dan All Rounder dari Redmi! Review Redmi Note 15 5G"
te4V1vw2pRY,@yogi_hikmawan,"udah mahal banyak iklannya ,, nyetel musik ,, buka folder ada iklannya ,,jd nunggu iklanny selesai,,",7,2026-01-22T09:39:46Z,Jagat Review,"Smartphone 3 Jutaan Desain Keren, Body Tipis, dan All Rounder dari Redmi! Review Redmi Note 15 5G"
te4V1vw2pRY,@maulanaheru1984,Kamera dengan x7pro bagus mana,0,2026-01-22T13:56:38Z,Jagat Review,"Smartphone 3 Jutaan Desain Keren, Body Tipis, dan All Rounder dari Redmi! Review Redmi Note 15 5G"
te4V1vw2pRY,@bfabianto,knapa ukuran layar redmi note n redmi skrng sama aja? kadang pengen juga hp compact yg gk mahalÂ² amat,0,2026-01-22T14:11:59Z,Jagat Review,"Smartphone 3 Jutaan Desain Keren, Body Tipis, dan All Rounder dari Redmi! Review Redmi Note 15 5G"
te4V1vw2pRY,@AuraDesmita-u1o,Apa Udah adah dijual di indo bg,0,2026-01-24T06:12:49Z,Jagat Review,"Smartphone 3 Jutaan Desain Keren, Body Tipis, dan All Rounder dari Redmi! Review Redmi Note 15 5G"
te4V1vw2pRY,@fatkulrozaq8811,harga naik jauh ya dari 14 5G kemarin. Ai babikk,0,2026-01-22T09:40:14Z,Jagat Review,"Smartphone 3 Jutaan Desain Keren, Body Tipis, dan All Rounder dari Redmi! Review Redmi Note 15 5G"
te4V1vw2pRY,@alzahrawisidiqbudiarto9568,"serius tanya, lebih baik ambil POCO X7 atau redmi note 15 5G...",0,2026-01-24T03:34:45Z,Jagat Review,"Smartphone 3 Jutaan Desain Keren, Body Tipis, dan All Rounder dari Redmi! Review Redmi Note 15 5G"
te4V1vw2pRY,@derriãƒ„,Versi note 15 basic apa bisa eSim jg?,0,2026-01-22T11:01:22Z,Jagat Review,"Smartphone 3 Jutaan Desain Keren, Body Tipis, dan All Rounder dari Redmi! Review Redmi Note 15 5G"
te4V1vw2pRY,@danikurniawan8693,Maap SD 6 gen 3 setara kah sama Dimensity 7100 nya Infinix Note Edge?,0,2026-01-22T20:22:39Z,Jagat Review,"Smartphone 3 Jutaan Desain Keren, Body Tipis, dan All Rounder dari Redmi! Review Redmi Note 15 5G"
te4V1vw2pRY,@mubarok4053,Tumben wortit si redmi note series di era gempuran HP HP pada naik harga. Ini naik spek harganya samağŸ‰ğŸ‰ğŸ‰,0,2026-01-22T14:44:27Z,Jagat Review,"Smartphone 3 Jutaan Desain Keren, Body Tipis, dan All Rounder dari Redmi! Review Redmi Note 15 5G"
te4V1vw2pRY,@Mochito222,Infinix Note Edge kok gak dibahas om??,0,2026-01-23T04:42:27Z,Jagat Review,"Smartphone 3 Jutaan Desain Keren, Body Tipis, dan All Rounder dari Redmi! Review Redmi Note 15 5G"
te4V1vw2pRY,@Sam_Shinoda,"Lah, ga ada jack Audio nya kah?",0,2026-01-24T12:30:30Z,Jagat Review,"Smartphone 3 Jutaan Desain Keren, Body Tipis, dan All Rounder dari Redmi! Review Redmi Note 15 5G"
te4V1vw2pRY,@RafaRandika-w9j,katanya 3jt kok gw liat 5 jt,0,2026-01-27T10:13:14Z,Jagat Review,"Smartphone 3 Jutaan Desain Keren, Body Tipis, dan All Rounder dari Redmi! Review Redmi Note 15 5G"
te4V1vw2pRY,@PankiLSL,ada esim?,0,2026-01-22T11:05:28Z,Jagat Review,"Smartphone 3 Jutaan Desain Keren, Body Tipis, dan All Rounder dari Redmi! Review Redmi Note 15 5G"
te4V1vw2pRY,@Kullyy,"Ya mungkin ada yg lebih kencang di harga segitu. 

Cuma memang kerasa ada kenaikan harga imbas ram/storage naik, ada beberapa aspek yg kaya di korbanin , tapi mereka nonjolin aspek lainnya. 

Ya gw merasa dengan moto edge 60 fusion yg bulan lalu gw beli, gw bersyukur niatan nunggu gw sampe hp xiaomi terbaru rulis gw batalin dan jadi milih moto ede 60 fusion. Karna kalau gw nunggu ini pasti ujung ujung nya ga jadi beli. 

Gw beli edge 60 fusion di harga 3,8 jt an (12/256) . Dan ternyata xiaomi ini di harga sekitar itu juga dan ga jadi lebih baik juga",0,2026-01-22T10:07:29Z,Jagat Review,"Smartphone 3 Jutaan Desain Keren, Body Tipis, dan All Rounder dari Redmi! Review Redmi Note 15 5G"
te4V1vw2pRY,@Subs-gg8zt,"Xiaomi sekarang mahal banget.. ada iklannya pula haduhhh, dulu saya fans ni brand .. sekarang asli dah kureng banget ni brand..",0,2026-01-22T09:22:48Z,Jagat Review,"Smartphone 3 Jutaan Desain Keren, Body Tipis, dan All Rounder dari Redmi! Review Redmi Note 15 5G"
te4V1vw2pRY,@deniwonua7641,"Saran aja Buat Siomi, next Poco Tipe Modelnya jgn di sama""in dgn Renotlah",0,2026-01-24T04:16:22Z,Jagat Review,"Smartphone 3 Jutaan Desain Keren, Body Tipis, dan All Rounder dari Redmi! Review Redmi Note 15 5G"
te4V1vw2pRY,@Bagoesmaen7858,"Kali ini redminote 15 yg standar msih klah sma infinix note edge scara spek, tpi klo titan2an ya msi menang redminote 15....
Klo mo chipset yg lbih ngebut plih infinix note edge. Klo mo yg than bnting ya plih redminote 15.....",0,2026-01-22T10:43:33Z,Jagat Review,"Smartphone 3 Jutaan Desain Keren, Body Tipis, dan All Rounder dari Redmi! Review Redmi Note 15 5G"
te4V1vw2pRY,@cobalagi7154,"Rada bingung budget 2-3 juta antara redmi note 15 5g atau moto g57 power buat emak, pemakaian nonton youtube, toktok, wa. 2 hp itu punya keunggulan masing-masing. Mau beli hp baru soalnya samsung a33 punya emak hilang dicuri.",0,2026-01-22T14:35:56Z,Jagat Review,"Smartphone 3 Jutaan Desain Keren, Body Tipis, dan All Rounder dari Redmi! Review Redmi Note 15 5G"
te4V1vw2pRY,@dayatmisteri5203,model pengujian kameranya tolong pake model yg lain bang ...ini kan untuk visual tolong yg visualnya gak oke ditaruh di kerja belakang layar aja,0,2026-01-24T03:06:58Z,Jagat Review,"Smartphone 3 Jutaan Desain Keren, Body Tipis, dan All Rounder dari Redmi! Review Redmi Note 15 5G"
te4V1vw2pRY,@Bois948,Smartphone yang 512Gb yang akan jadi makin lega ketika nanti di pasangkan microSD sebesar 2TB. ğŸ™ƒ,0,2026-01-22T16:22:17Z,Jagat Review,"Smartphone 3 Jutaan Desain Keren, Body Tipis, dan All Rounder dari Redmi! Review Redmi Note 15 5G"
te4V1vw2pRY,@gesangsantos7263,"lah ?ğŸ¤£ 
mending poco x7 pro gak sih ğŸ™ğŸ¤¡ğŸ¤¡ğŸ¤¡",0,2026-01-22T10:37:09Z,Jagat Review,"Smartphone 3 Jutaan Desain Keren, Body Tipis, dan All Rounder dari Redmi! Review Redmi Note 15 5G"
te4V1vw2pRY,@firepumpspp,"ampun dah layar curve gak banget, knp gak di buat flat aja sih",0,2026-01-22T10:22:36Z,Jagat Review,"Smartphone 3 Jutaan Desain Keren, Body Tipis, dan All Rounder dari Redmi! Review Redmi Note 15 5G"
te4V1vw2pRY,@ijp_josh2,"Yang masih pada ngoceh soal IKLAN bukti bahwa anda emang ga nonton video ini dengan baik, kalau gamau ada IKLAN ya tambahin uangnya beli seri XIAOMI ğŸ˜Š Udah di kasih tau sama Om Ded juga padahal ğŸ˜‚  Jangan cuma ngoceh GAMAU ada IKLAN tapi ga ada UANG WKWKWK Redmi Note Series pasti akan selalu ada iklan karena memang pasarnya untuk range harga 2jt-5jtan alias kelas MID-RANGE dengan harga murah ğŸ˜Š INGET!!! ANDROIRD SUPPORT dan UI SUPPORT-nya JELAS yaitu 4 tahun ANDROID UPDATE dan 6 tahun UI SUPPORT ğŸ˜Š  Jangan dibandingin sama HP China yang ANDROID SUPPORT & UI SUPPORT-nya ga jelas ya ğŸ˜Š",0,2026-01-22T10:25:10Z,Jagat Review,"Smartphone 3 Jutaan Desain Keren, Body Tipis, dan All Rounder dari Redmi! Review Redmi Note 15 5G"
te4V1vw2pRY,@semuaakanbermetamorhfosisp5212,Layar lengkung susah dirawat. Apalagi saya ceroboh pegang hp. Jadi mikir. Yang renote 15+ layarnya plat kan?,0,2026-01-22T10:19:44Z,Jagat Review,"Smartphone 3 Jutaan Desain Keren, Body Tipis, dan All Rounder dari Redmi! Review Redmi Note 15 5G"
te4V1vw2pRY,@alialbar4157,Reviwe honor win dong bang batrei 10000 mah naga terbaru. Harga murah menarik sekali,0,2026-01-22T17:44:20Z,Jagat Review,"Smartphone 3 Jutaan Desain Keren, Body Tipis, dan All Rounder dari Redmi! Review Redmi Note 15 5G"
te4V1vw2pRY,@ryannurfalah5118,ente yakin 3 jutaan?,0,2026-01-29T00:47:13Z,Jagat Review,"Smartphone 3 Jutaan Desain Keren, Body Tipis, dan All Rounder dari Redmi! Review Redmi Note 15 5G"
te4V1vw2pRY,@KudetGaming-v2w,Gila 3jtan blum ip68ğŸ˜‚,0,2026-01-23T00:02:38Z,Jagat Review,"Smartphone 3 Jutaan Desain Keren, Body Tipis, dan All Rounder dari Redmi! Review Redmi Note 15 5G"
te4V1vw2pRY,@Vay-v8f,Masih bagus iqoo z10,0,2026-01-22T10:00:57Z,Jagat Review,"Smartphone 3 Jutaan Desain Keren, Body Tipis, dan All Rounder dari Redmi! Review Redmi Note 15 5G"
te4V1vw2pRY,@3Fisher3Man3,worst phone ever,0,2026-01-22T16:47:20Z,Jagat Review,"Smartphone 3 Jutaan Desain Keren, Body Tipis, dan All Rounder dari Redmi! Review Redmi Note 15 5G"
te4V1vw2pRY,@semiire6800,aduh curved..,0,2026-01-22T10:50:13Z,Jagat Review,"Smartphone 3 Jutaan Desain Keren, Body Tipis, dan All Rounder dari Redmi! Review Redmi Note 15 5G"
te4V1vw2pRY,@didikeko8474,"Hp udah jualan brand bukan spek inimah,naga 6 tidak lebih bagus dari G99,G100,G200ğŸ˜‚",0,2026-01-22T09:19:01Z,Jagat Review,"Smartphone 3 Jutaan Desain Keren, Body Tipis, dan All Rounder dari Redmi! Review Redmi Note 15 5G"
te4V1vw2pRY,@asepangga910,Besok Oppo Reno15 Series 5G mau di launching om,2,2026-01-22T09:43:31Z,Jagat Review,"Smartphone 3 Jutaan Desain Keren, Body Tipis, dan All Rounder dari Redmi! Review Redmi Note 15 5G"
te4V1vw2pRY,@romanoffwailan,"harga varian termurahnya itu harga varian 4G yang storage nya 256 GB keluaran tahun lalu, eh sekarang varian yang sama di seri ini tau-tau naik harganya. apa karena krisis RAM ya karena diborong buat AI? banyak yang komen begini perihal kenaikan harganya dibanding seri sebelumnya",0,2026-01-22T12:51:15Z,Jagat Review,"Smartphone 3 Jutaan Desain Keren, Body Tipis, dan All Rounder dari Redmi! Review Redmi Note 15 5G"
